org_name,line_type,as_of_date,policy_count,premium,fee_amount,fee_rate_avg,line_factor,first_day_part,time_part,earned_premium_cum
乐山,交强险,2026-01-31,4875,4435898.81,295052.93,0.0665148017657328,0.82,241943.4026,2247794.2555616437,2489737.658161644
乐山,交强险,2026-02-28,4875,4435898.81,295052.93,0.0665148017657328,0.82,241943.4026,2520935.9572054795,2762879.3598054796
乐山,交强险,2026-03-31,4875,4435898.81,295052.93,0.0665148017657328,0.82,241943.4026,2803901.0181095893,3045844.420709589
乐山,交强险,2026-04-30,4875,4435898.81,295052.93,0.0665148017657328,0.82,241943.4026,3052470.7803287674,3294414.182928767
乐山,交强险,2026-05-31,4875,4435898.81,295052.93,0.0665148017657328,0.82,241943.4026,3280248.45830137,3522191.86090137
乐山,交强险,2026-06-30,4875,4435898.81,295052.93,0.0665148017657328,0.82,241943.4026,3474533.6669863015,3716477.0695863017
乐山,交强险,2026-07-31,4875,4435898.81,295052.93,0.0665148017657328,0.82,241943.4026,3651429.0101369866,3893372.4127369863
乐山,交强险,2026-08-31,4875,4435898.81,295052.93,0.0665148017657328,0.82,241943.4026,3804341.130438356,4046284.5330383563
乐山,交强险,2026-09-30,4875,4435898.81,295052.93,0.0665148017657328,0.82,241943.4026,3924604.019753425,4166547.4223534246
乐山,交强险,2026-10-31,4875,4435898.81,295052.93,0.0665148017657328,0.82,241943.4026,4021713.8963835617,4263657.298983562
乐山,交强险,2026-11-30,4875,4435898.81,295052.93,0.0665148017657328,0.82,241943.4026,4088886.029780822,4330829.4323808225
乐山,交强险,2026-12-31,4875,4435898.81,295052.93,0.0665148017657328,0.82,241943.4026,4128966.3694794523,4370909.772079452
乐山,商业保险,2026-01-31,4369,9137601.95,2557045.15,0.2798376602517688,0.94,2403622.4409999996,3524743.262109589,5928365.7031095885
乐山,商业保险,2026-02-28,4369,9137601.95,2557045.15,0.2798376602517688,0.94,2403622.4409999996,3960826.5647945204,6364449.0057945205
乐山,商业保险,2026-03-31,4369,9137601.95,2557045.15,0.2798376602517688,0.94,2403622.4409999996,4419403.120767123,6823025.561767123
乐山,商业保险,2026-04-30,4369,9137601.95,2557045.15,0.2798376602517688,0.94,2403622.4409999996,4825999.893671233,7229622.334671233
乐山,商业保险,2026-05-31,4369,9137601.95,2557045.15,0.2798376602517688,0.94,2403622.4409999996,5196203.9751780825,7599826.416178082
乐山,商业保险,2026-06-30,4369,9137601.95,2557045.15,0.2798376602517688,0.94,2403622.4409999996,5512925.273479452,7916547.714479452
乐山,商业保险,2026-07-31,4369,9137601.95,2557045.15,0.2798376602517688,0.94,2403622.4409999996,5800593.454547945,8204215.895547945
乐山,商业保险,2026-08-31,4369,9137601.95,2557045.15,0.2798376602517688,0.94,2403622.4409999996,6051289.875917808,8454912.316917809
乐山,商业保险,2026-09-30,4369,9137601.95,2557045.15,0.2798376602517688,0.94,2403622.4409999996,6246293.040027398,8649915.481027396
乐山,商业保险,2026-10-31,4369,9137601.95,2557045.15,0.2798376602517688,0.94,2403622.4409999996,6399158.784712329,8802781.22571233
乐山,商业保险,2026-11-30,4369,9137601.95,2557045.15,0.2798376602517688,0.94,2403622.4409999996,6504456.860794521,8908079.30179452
乐山,商业保险,2026-12-31,4369,9137601.95,2557045.15,0.2798376602517688,0.94,2403622.4409999996,6563703.461780822,8967325.902780822
天府,交强险,2026-01-31,179587,124665340.02,15307210.75,0.12278641960583649,0.82,12551912.815,71688497.09745206,84240409.91245206
天府,交强险,2026-02-28,179587,124665340.02,15307210.75,0.12278641960583649,0.82,12551912.815,78118468.92534247,90670381.74034247
天府,交强险,2026-03-31,179587,124665340.02,15307210.75,0.12278641960583649,0.82,12551912.815,84347986.09605479,96899898.91105479
天府,交强险,2026-04-30,179587,124665340.02,15307210.75,0.12278641960583649,0.82,12551912.815,89516823.80484931,102068736.61984931
天府,交强险,2026-05-31,179587,124665340.02,15307210.75,0.12278641960583649,0.82,12551912.815,94060654.18145205,106612566.99645206
天府,交强险,2026-06-30,179587,124665340.02,15307210.75,0.12278641960583649,0.82,12551912.815,97782892.94572604,110334805.76072603
天府,交强险,2026-07-31,179587,124665340.02,15307210.75,0.12278641960583649,0.82,12551912.815,100915321.59328768,113467234.40828767
天府,交强险,2026-08-31,179587,124665340.02,15307210.75,0.12278641960583649,0.82,12551912.815,103418469.68572603,115970382.50072603
天府,交强险,2026-09-30,179587,124665340.02,15307210.75,0.12278641960583649,0.82,12551912.815,105418313.83257535,117970226.64757535
天府,交强险,2026-10-31,179587,124665340.02,15307210.75,0.12278641960583649,0.82,12551912.815,107080106.1710959,119632018.98609589
天府,交强险,2026-11-30,179587,124665340.02,15307210.75,0.12278641960583649,0.82,12551912.815,108303529.39926028,120855442.21426028
天府,交强险,2026-12-31,179587,124665340.02,15307210.75,0.12278641960583649,0.82,12551912.815,109115422.82438356,121667335.63938357
天府,商业保险,2026-01-31,60920,77763500.45,19795556.35,0.25456102458669605,0.94,18607822.969,34008149.822054796,52615972.79105479
天府,商业保险,2026-02-28,60920,77763500.45,19795556.35,0.25456102458669605,0.94,18607822.969,37630055.614,56237878.583
天府,商业保险,2026-03-31,60920,77763500.45,19795556.35,0.25456102458669605,0.94,18607822.969,41242679.24010959,59850502.20910959
天府,商业保险,2026-04-30,60920,77763500.45,19795556.35,0.25456102458669605,0.94,18607822.969,44357655.43350685,62965478.40250685
天府,商业保险,2026-05-31,60920,77763500.45,19795556.35,0.25456102458669605,0.94,18607822.969,47214667.43150685,65822490.40050685
天府,商业保险,2026-06-30,60920,77763500.45,19795556.35,0.25456102458669605,0.94,18607822.969,49641542.75213698,68249365.72113699
天府,商业保险,2026-07-31,60920,77763500.45,19795556.35,0.25456102458669605,0.94,18607822.969,51794205.83926027,70402028.80826028
天府,商业保险,2026-08-31,60920,77763500.45,19795556.35,0.25456102458669605,0.94,18607822.969,53625526.9870137,72233349.9560137
天府,商业保险,2026-09-30,60920,77763500.45,19795556.35,0.25456102458669605,0.94,18607822.969,55114736.422657534,73722559.39165753
天府,商业保险,2026-10-31,60920,77763500.45,19795556.35,0.25456102458669605,0.94,18607822.969,56348253.027835615,74956075.99683562
天府,商业保险,2026-11-30,60920,77763500.45,19795556.35,0.25456102458669605,0.94,18607822.969,57218843.92279452,75826666.89179452
天府,商业保险,2026-12-31,60920,77763500.45,19795556.35,0.25456102458669605,0.94,18607822.969,57783830.50824658,76391653.47724657
宜宾,交强险,2026-01-31,102380,22012196.49,1177028.7,0.05347166061027652,0.82,965163.534,12619236.071232876,13584399.605232876
宜宾,交强险,2026-02-28,102380,22012196.49,1177028.7,0.05347166061027652,0.82,965163.534,13901087.096,14866250.63
宜宾,交强险,2026-03-31,102380,22012196.49,1177028.7,0.05347166061027652,0.82,965163.534,15181947.321123287,16147110.855123287
宜宾,交强险,2026-04-30,102380,22012196.49,1177028.7,0.05347166061027652,0.82,965163.534,16293118.188356165,17258281.722356163
宜宾,交强险,2026-05-31,102380,22012196.49,1177028.7,0.05347166061027652,0.82,965163.534,17302601.1750137,18267764.709013697
宜宾,交强险,2026-06-30,102380,22012196.49,1177028.7,0.05347166061027652,0.82,965163.534,18136674.380958904,19101837.914958905
宜宾,交强险,2026-07-31,102380,22012196.49,1177028.7,0.05347166061027652,0.82,965163.534,18857446.286164384,19822609.820164382
宜宾,交强险,2026-08-31,102380,22012196.49,1177028.7,0.05347166061027652,0.82,965163.534,19443361.223041095,20408524.757041097
宜宾,交强险,2026-09-30,102380,22012196.49,1177028.7,0.05347166061027652,0.82,965163.534,19909225.303041097,20874388.837041095
宜宾,交强险,2026-10-31,102380,22012196.49,1177028.7,0.05347166061027652,0.82,965163.534,20293327.605041094,21258491.139041096
宜宾,交强险,2026-11-30,102380,22012196.49,1177028.7,0.05347166061027652,0.82,965163.534,20573951.413178083,21539114.94717808
宜宾,交强险,2026-12-31,102380,22012196.49,1177028.7,0.05347166061027652,0.82,965163.534,20763094.615178082,21728258.149178084
宜宾,商业保险,2026-01-31,8556,11609310.04,2501014.88,0.21543182767819335,0.94,2350953.9872,4934760.230356164,7285714.217556165
宜宾,商业保险,2026-02-28,8556,11609310.04,2501014.88,0.21543182767819335,0.94,2350953.9872,5505207.338767123,7856161.325967123
宜宾,商业保险,2026-03-31,8556,11609310.04,2501014.88,0.21543182767819335,0.94,2350953.9872,6091966.425890411,8442920.413090412
宜宾,商业保险,2026-04-30,8556,11609310.04,2501014.88,0.21543182767819335,0.94,2350953.9872,6614460.010054794,8965413.997254794
宜宾,商业保险,2026-05-31,8556,11609310.04,2501014.88,0.21543182767819335,0.94,2350953.9872,7109561.898684932,9460515.885884931
宜宾,商业保险,2026-06-30,8556,11609310.04,2501014.88,0.21543182767819335,0.94,2350953.9872,7542988.776027397,9893942.763227398
宜宾,商业保险,2026-07-31,8556,11609310.04,2501014.88,0.21543182767819335,0.94,2350953.9872,7945260.006684932,10296213.993884932
宜宾,商业保险,2026-08-31,8556,11609310.04,2501014.88,0.21543182767819335,0.94,2350953.9872,8293242.206082191,10644196.193282193
宜宾,商业保险,2026-09-30,8556,11609310.04,2501014.88,0.21543182767819335,0.94,2350953.9872,8576400.691342466,10927354.678542465
宜宾,商业保险,2026-10-31,8556,11609310.04,2501014.88,0.21543182767819335,0.94,2350953.9872,8812249.53079452,11163203.517994521
宜宾,商业保险,2026-11-30,8556,11609310.04,2501014.88,0.21543182767819335,0.94,2350953.9872,8978300.284602739,11329254.27180274
宜宾,商业保险,2026-12-31,8556,11609310.04,2501014.88,0.21543182767819335,0.94,2350953.9872,9083132.74849315,11434086.735693151
德阳,交强险,2026-01-31,9504,6905665.82,732855.93,0.10612386250685962,0.82,600941.8626,3915172.5713150688,4516114.433915068
德阳,交强险,2026-02-28,9504,6905665.82,732855.93,0.10612386250685962,0.82,600941.8626,4288534.901315069,4889476.7639150685
德阳,交强险,2026-03-31,9504,6905665.82,732855.93,0.10612386250685962,0.82,600941.8626,4647849.187945206,5248791.050545205
德阳,交强险,2026-04-30,9504,6905665.82,732855.93,0.10612386250685962,0.82,600941.8626,4951042.781369863,5551984.643969863
德阳,交强险,2026-05-31,9504,6905665.82,732855.93,0.10612386250685962,0.82,600941.8626,5223529.00030137,5824470.86290137
德阳,交强险,2026-06-30,9504,6905665.82,732855.93,0.10612386250685962,0.82,600941.8626,5451217.607178083,6052159.469778082
德阳,交强险,2026-07-31,9504,6905665.82,732855.93,0.10612386250685962,0.82,600941.8626,5647580.4509863015,6248522.313586301
德阳,交强险,2026-08-31,9504,6905665.82,732855.93,0.10612386250685962,0.82,600941.8626,5805181.442849315,6406123.305449315
德阳,交强险,2026-09-30,9504,6905665.82,732855.93,0.10612386250685962,0.82,600941.8626,5928698.582,6529640.4446
德阳,交强险,2026-10-31,9504,6905665.82,732855.93,0.10612386250685962,0.82,600941.8626,6029685.228739726,6630627.091339726
德阳,交强险,2026-11-30,9504,6905665.82,732855.93,0.10612386250685962,0.82,600941.8626,6103067.85290411,6704009.71550411
德阳,交强险,2026-12-31,9504,6905665.82,732855.93,0.10612386250685962,0.82,600941.8626,6155619.526219178,6756561.388819179
德阳,商业保险,2026-01-31,3992,5480599.67,1300876.81,0.23736030513609838,0.94,1222824.2014,2391818.0197260273,3614642.2211260274
德阳,商业保险,2026-02-28,3992,5480599.67,1300876.81,0.23736030513609838,0.94,1222824.2014,2656837.7478356166,3879661.9492356163
德阳,商业保险,2026-03-31,3992,5480599.67,1300876.81,0.23736030513609838,0.94,1222824.2014,2921758.7608767124,4144582.962276712
德阳,商业保险,2026-04-30,3992,5480599.67,1300876.81,0.23736030513609838,0.94,1222824.2014,3153242.839589041,4376067.040989041
德阳,商业保险,2026-05-31,3992,5480599.67,1300876.81,0.23736030513609838,0.94,1222824.2014,3370507.165287671,4593331.366687671
德阳,商业保险,2026-06-30,3992,5480599.67,1300876.81,0.23736030513609838,0.94,1222824.2014,3556310.2285753423,4779134.429975342
德阳,商业保险,2026-07-31,3992,5480599.67,1300876.81,0.23736030513609838,0.94,1222824.2014,3725786.6410136987,4948610.842413698
德阳,商业保险,2026-08-31,3992,5480599.67,1300876.81,0.23736030513609838,0.94,1222824.2014,3864717.495041096,5087541.696441096
德阳,商业保险,2026-09-30,3992,5480599.67,1300876.81,0.23736030513609838,0.94,1222824.2014,3970259.782191781,5193083.983591781
德阳,商业保险,2026-10-31,3992,5480599.67,1300876.81,0.23736030513609838,0.94,1222824.2014,4057246.4587671235,5280070.660167123
德阳,商业保险,2026-11-30,3992,5480599.67,1300876.81,0.23736030513609838,0.94,1222824.2014,4120609.3220821917,5343433.523482191
德阳,商业保险,2026-12-31,3992,5480599.67,1300876.81,0.23736030513609838,0.94,1222824.2014,4165891.5135616437,5388715.714961643
新都,交强险,2026-01-31,13074,13589345.74,1170243.99,0.0861148146783408,0.82,959600.0717999999,7296814.3282739725,8256414.4000739725
新都,交强险,2026-02-28,13074,13589345.74,1170243.99,0.0861148146783408,0.82,959600.0717999999,8090695.965835617,9050296.037635617
新都,交强险,2026-03-31,13074,13589345.74,1170243.99,0.0861148146783408,0.82,959600.0717999999,8892003.73030137,9851603.80210137
新都,交强险,2026-04-30,13074,13589345.74,1170243.99,0.0861148146783408,0.82,959600.0717999999,9572033.036849316,10531633.108649315
新都,交强险,2026-05-31,13074,13589345.74,1170243.99,0.0861148146783408,0.82,959600.0717999999,10179802.393972604,11139402.465772603
新都,交强险,2026-06-30,13074,13589345.74,1170243.99,0.0861148146783408,0.82,959600.0717999999,10701410.50041096,11661010.57221096
新都,交强险,2026-07-31,13074,13589345.74,1170243.99,0.0861148146783408,0.82,959600.0717999999,11183849.28271233,12143449.354512328
新都,交强险,2026-08-31,13074,13589345.74,1170243.99,0.0861148146783408,0.82,959600.0717999999,11591541.432767123,12551141.504567124
新都,交强险,2026-09-30,13074,13589345.74,1170243.99,0.0861148146783408,0.82,959600.0717999999,11905421.951205479,12865022.02300548
新都,交强险,2026-10-31,13074,13589345.74,1170243.99,0.0861148146783408,0.82,959600.0717999999,12141658.86841096,13101258.940210959
新都,交强险,2026-11-30,13074,13589345.74,1170243.99,0.0861148146783408,0.82,959600.0717999999,12291825.999753425,13251426.071553426
新都,交强险,2026-12-31,13074,13589345.74,1170243.99,0.0861148146783408,0.82,959600.0717999999,12389408.457068494,13349008.528868493
新都,商业保险,2026-01-31,10309,30494127.34,7398298.67,0.24261388389676738,0.94,6954400.749799999,13041655.123780822,19996055.87358082
新都,商业保险,2026-02-28,10309,30494127.34,7398298.67,0.24261388389676738,0.94,6954400.749799999,14582255.824821917,21536656.574621916
新都,商业保险,2026-03-31,10309,30494127.34,7398298.67,0.24261388389676738,0.94,6954400.749799999,16189900.129972603,23144300.879772604
新都,商业保险,2026-04-30,10309,30494127.34,7398298.67,0.24261388389676738,0.94,6954400.749799999,17582983.80131507,24537384.55111507
新都,商业保险,2026-05-31,10309,30494127.34,7398298.67,0.24261388389676738,0.94,6954400.749799999,18791874.053041097,25746274.802841097
新都,商业保险,2026-06-30,10309,30494127.34,7398298.67,0.24261388389676738,0.94,6954400.749799999,19808754.91490411,26763155.66470411
新都,商业保险,2026-07-31,10309,30494127.34,7398298.67,0.24261388389676738,0.94,6954400.749799999,20762423.31210959,27716824.06190959
新都,商业保险,2026-08-31,10309,30494127.34,7398298.67,0.24261388389676738,0.94,6954400.749799999,21571892.188602738,28526292.93840274
新都,商业保险,2026-09-30,10309,30494127.34,7398298.67,0.24261388389676738,0.94,6954400.749799999,22180635.732136987,29135036.481936987
新都,商业保险,2026-10-31,10309,30494127.34,7398298.67,0.24261388389676738,0.94,6954400.749799999,22620799.55969863,29575200.30949863
新都,商业保险,2026-11-30,10309,30494127.34,7398298.67,0.24261388389676738,0.94,6954400.749799999,22882467.727342464,29836868.477142464
新都,商业保险,2026-12-31,10309,30494127.34,7398298.67,0.24261388389676738,0.94,6954400.749799999,23045990.475452054,30000391.225252055
本部,交强险,2026-01-31,27,24073.61,737.07,0.030617344054340002,0.82,604.3974,8719.390931506849,9323.788331506848
本部,交强险,2026-02-28,27,24073.61,737.07,0.030617344054340002,0.82,604.3974,10216.590438356165,10820.987838356165
本部,交强险,2026-03-31,27,24073.61,737.07,0.030617344054340002,0.82,604.3974,11766.92789041096,12371.32529041096
本部,交强险,2026-04-30,27,24073.61,737.07,0.030617344054340002,0.82,604.3974,13201.85090410959,13806.24830410959
本部,交强险,2026-05-31,27,24073.61,737.07,0.030617344054340002,0.82,604.3974,14682.123369863013,15286.520769863013
本部,交强险,2026-06-30,27,24073.61,737.07,0.030617344054340002,0.82,604.3974,16107.741452054794,16712.138852054795
本部,交强险,2026-07-31,27,24073.61,737.07,0.030617344054340002,0.82,604.3974,17501.98389041096,18106.381290410958
本部,交强险,2026-08-31,27,24073.61,737.07,0.030617344054340002,0.82,604.3974,18712.070328767124,19316.467728767122
本部,交强险,2026-09-30,27,24073.61,737.07,0.030617344054340002,0.82,604.3974,19811.014657534248,20415.412057534246
本部,交强险,2026-10-31,27,24073.61,737.07,0.030617344054340002,0.82,604.3974,20944.026438356166,21548.423838356164
本部,交强险,2026-11-30,27,24073.61,737.07,0.030617344054340002,0.82,604.3974,22036.431534246574,22640.828934246576
本部,交强险,2026-12-31,27,24073.61,737.07,0.030617344054340002,0.82,604.3974,22991.787205479453,23596.18460547945
本部,商业保险,2026-01-31,16,53871.79,3924.05,0.07284053490704505,0.94,3688.607,10870.335863013699,14558.942863013699
本部,商业保险,2026-02-28,16,53871.79,3924.05,0.07284053490704505,0.94,3688.607,14683.20890410959,18371.81590410959
本部,商业保险,2026-03-31,16,53871.79,3924.05,0.07284053490704505,0.94,3688.607,18474.368630136985,22162.975630136985
本部,商业保险,2026-04-30,16,53871.79,3924.05,0.07284053490704505,0.94,3688.607,21934.722328767122,25623.329328767122
本部,商业保险,2026-05-31,16,53871.79,3924.05,0.07284053490704505,0.94,3688.607,25510.42115068493,29199.02815068493
本部,商业保险,2026-06-30,16,53871.79,3924.05,0.07284053490704505,0.94,3688.607,28970.77484931507,32659.38184931507
本部,商业保险,2026-07-31,16,53871.79,3924.05,0.07284053490704505,0.94,3688.607,32526.305561643836,36214.91256164383
本部,商业保险,2026-08-31,16,53871.79,3924.05,0.07284053490704505,0.94,3688.607,35934.90860273973,39623.515602739724
本部,商业保险,2026-09-30,16,53871.79,3924.05,0.07284053490704505,0.94,3688.607,39082.107506849316,42770.71450684932
本部,商业保险,2026-10-31,16,53871.79,3924.05,0.07284053490704505,0.94,3688.607,42334.21304109589,46022.82004109589
本部,商业保险,2026-11-30,16,53871.79,3924.05,0.07284053490704505,0.94,3688.607,45476.616164383566,49165.22316438356
本部,商业保险,2026-12-31,16,53871.79,3924.05,0.07284053490704505,0.94,3688.607,48582.98380821918,52271.590808219175
武侯,交强险,2026-01-31,11526,8117735.63,936238.16,0.11533242799137572,0.82,767715.2912,4306606.555534246,5074321.846734246
武侯,交强险,2026-02-28,11526,8117735.63,936238.16,0.11533242799137572,0.82,767715.2912,4775060.320027397,5542775.611227398
武侯,交强险,2026-03-31,11526,8117735.63,936238.16,0.11533242799137572,0.82,767715.2912,5251383.132191781,6019098.423391781
武侯,交强险,2026-04-30,11526,8117735.63,936238.16,0.11533242799137572,0.82,767715.2912,5654528.761780822,6422244.052980822
武侯,交强险,2026-05-31,11526,8117735.63,936238.16,0.11533242799137572,0.82,767715.2912,6007958.0852054795,6775673.376405479
武侯,交强险,2026-06-30,11526,8117735.63,936238.16,0.11533242799137572,0.82,767715.2912,6294440.028027398,7062155.319227397
武侯,交强险,2026-07-31,11526,8117735.63,936238.16,0.11533242799137572,0.82,767715.2912,6543406.6942191785,7311121.985419178
武侯,交强险,2026-08-31,11526,8117735.63,936238.16,0.11533242799137572,0.82,767715.2912,6749840.965808219,7517556.257008219
武侯,交强险,2026-09-30,11526,8117735.63,936238.16,0.11533242799137572,0.82,767715.2912,6905878.773643835,7673594.064843835
武侯,交强险,2026-10-31,11526,8117735.63,936238.16,0.11533242799137572,0.82,767715.2912,7025832.000191781,7793547.291391781
武侯,交强险,2026-11-30,11526,8117735.63,936238.16,0.11533242799137572,0.82,767715.2912,7108606.639068494,7876321.9302684935
武侯,交强险,2026-12-31,11526,8117735.63,936238.16,0.11533242799137572,0.82,767715.2912,7164369.6044931505,7932084.895693151
武侯,商业保险,2026-01-31,4136,10279133.95,2809409.59,0.273311896086343,0.94,2640845.0146,3912571.7894246574,6553416.804024657
武侯,商业保险,2026-02-28,4136,10279133.95,2809409.59,0.273311896086343,0.94,2640845.0146,4413572.043369863,7054417.057969863
武侯,商业保险,2026-03-31,4136,10279133.95,2809409.59,0.273311896086343,0.94,2640845.0146,4937034.996958904,7577880.011558904
武侯,商业保险,2026-04-30,4136,10279133.95,2809409.59,0.273311896086343,0.94,2640845.0146,5407045.744712329,8047890.759312329
武侯,商业保险,2026-05-31,4136,10279133.95,2809409.59,0.273311896086343,0.94,2640845.0146,5839644.304630137,8480489.319230137
武侯,商业保险,2026-06-30,4136,10279133.95,2809409.59,0.273311896086343,0.94,2640845.0146,6211949.039753425,8852794.054353425
武侯,商业保险,2026-07-31,4136,10279133.95,2809409.59,0.273311896086343,0.94,2640845.0146,6560823.526575343,9201668.541175343
武侯,商业保险,2026-08-31,4136,10279133.95,2809409.59,0.273311896086343,0.94,2640845.0146,6871076.918356164,9511921.932956165
武侯,商业保险,2026-09-30,4136,10279133.95,2809409.59,0.273311896086343,0.94,2640845.0146,7106177.363342466,9747022.377942465
武侯,商业保险,2026-10-31,4136,10279133.95,2809409.59,0.273311896086343,0.94,2640845.0146,7277376.032630137,9918221.047230138
武侯,商业保险,2026-11-30,4136,10279133.95,2809409.59,0.273311896086343,0.94,2640845.0146,7383719.07569863,10024564.09029863
武侯,商业保险,2026-12-31,4136,10279133.95,2809409.59,0.273311896086343,0.94,2640845.0146,7449665.15890411,10090510.173504109
泸州,交强险,2026-01-31,27623,7277214.2,255733.09,0.035141619165201976,0.82,209701.13379999998,3873358.8862465755,4083060.0200465755
泸州,交强险,2026-02-28,27623,7277214.2,255733.09,0.035141619165201976,0.82,209701.13379999998,4336528.03890411,4546229.17270411
泸州,交强险,2026-03-31,27623,7277214.2,255733.09,0.035141619165201976,0.82,209701.13379999998,4814714.306191781,5024415.439991781
泸州,交强险,2026-04-30,27623,7277214.2,255733.09,0.035141619165201976,0.82,209701.13379999998,5236721.936684932,5446423.070484932
泸州,交强险,2026-05-31,27623,7277214.2,255733.09,0.035141619165201976,0.82,209701.13379999998,5622196.668246576,5831897.802046576
泸州,交强险,2026-06-30,27623,7277214.2,255733.09,0.035141619165201976,0.82,209701.13379999998,5948500.549150685,6158201.682950685
泸州,交强险,2026-07-31,27623,7277214.2,255733.09,0.035141619165201976,0.82,209701.13379999998,6237610.20819178,6447311.341991781
泸州,交强险,2026-08-31,27623,7277214.2,255733.09,0.035141619165201976,0.82,209701.13379999998,6479432.943068493,6689134.076868493
泸州,交强险,2026-09-30,27623,7277214.2,255733.09,0.035141619165201976,0.82,209701.13379999998,6670007.0890136985,6879708.222813698
泸州,交强险,2026-10-31,27623,7277214.2,255733.09,0.035141619165201976,0.82,209701.13379999998,6825026.238849315,7034727.372649315
泸州,交强险,2026-11-30,27623,7277214.2,255733.09,0.035141619165201976,0.82,209701.13379999998,6935691.485972603,7145392.619772603
泸州,交强险,2026-12-31,27623,7277214.2,255733.09,0.035141619165201976,0.82,209701.13379999998,7002842.302328767,7212543.436128767
泸州,商业保险,2026-01-31,4435,7375533.99,1714074.07,0.23239999603066028,0.94,1611229.6257999998,3232265.2584931506,4843494.88429315
泸州,商业保险,2026-02-28,4435,7375533.99,1714074.07,0.23239999603066028,0.94,1611229.6257999998,3585948.194219178,5197177.820019178
泸州,商业保险,2026-03-31,4435,7375533.99,1714074.07,0.23239999603066028,0.94,1611229.6257999998,3946705.68260274,5557935.308402739
泸州,商业保险,2026-04-30,4435,7375533.99,1714074.07,0.23239999603066028,0.94,1611229.6257999998,4261486.977178082,5872716.602978082
泸州,商业保险,2026-05-31,4435,7375533.99,1714074.07,0.23239999603066028,0.94,1611229.6257999998,4546055.915643835,6157285.541443836
泸州,商业保险,2026-06-30,4435,7375533.99,1714074.07,0.23239999603066028,0.94,1611229.6257999998,4791475.343479452,6402704.969279452
泸州,商业保险,2026-07-31,4435,7375533.99,1714074.07,0.23239999603066028,0.94,1611229.6257999998,5017333.247123288,6628562.872923288
泸州,商业保险,2026-08-31,4435,7375533.99,1714074.07,0.23239999603066028,0.94,1611229.6257999998,5215769.158821918,6826998.784621918
泸州,商业保险,2026-09-30,4435,7375533.99,1714074.07,0.23239999603066028,0.94,1611229.6257999998,5378024.565479452,6989254.191279452
泸州,商业保险,2026-10-31,4435,7375533.99,1714074.07,0.23239999603066028,0.94,1611229.6257999998,5507790.10369863,7119019.72949863
泸州,商业保险,2026-11-30,4435,7375533.99,1714074.07,0.23239999603066028,0.94,1611229.6257999998,5596086.685479452,7207316.311279452
泸州,商业保险,2026-12-31,4435,7375533.99,1714074.07,0.23239999603066028,0.94,1611229.6257999998,5648423.149671233,7259652.775471233
自贡,交强险,2026-01-31,27285,5331045.899999999,161377.5,0.030271264406108382,0.82,132329.55,2540588.5446027396,2672918.09460274
自贡,交强险,2026-02-28,27285,5331045.899999999,161377.5,0.030271264406108382,0.82,132329.55,2905130.124027397,3037459.6740273973
自贡,交强险,2026-03-31,27285,5331045.899999999,161377.5,0.030271264406108382,0.82,132329.55,3288745.2395342467,3421074.7895342465
自贡,交强险,2026-04-30,27285,5331045.899999999,161377.5,0.030271264406108382,0.82,132329.55,3628610.80309589,3760940.3530958905
自贡,交强险,2026-05-31,27285,5331045.899999999,161377.5,0.030271264406108382,0.82,132329.55,3944007.1868219175,4076336.736821918
自贡,交强险,2026-06-30,27285,5331045.899999999,161377.5,0.030271264406108382,0.82,132329.55,4217624.33539726,4349953.88539726
自贡,交强险,2026-07-31,27285,5331045.899999999,161377.5,0.030271264406108382,0.82,132329.55,4468014.911150685,4600344.461150684
自贡,交强险,2026-08-31,27285,5331045.899999999,161377.5,0.030271264406108382,0.82,132329.55,4683727.340054794,4816056.890054794
自贡,交强险,2026-09-30,27285,5331045.899999999,161377.5,0.030271264406108382,0.82,132329.55,4856603.615863014,4988933.165863014
自贡,交强险,2026-10-31,27285,5331045.899999999,161377.5,0.030271264406108382,0.82,132329.55,4994297.957068493,5126627.507068493
自贡,交强险,2026-11-30,27285,5331045.899999999,161377.5,0.030271264406108382,0.82,132329.55,5089752.857205479,5222082.407205479
自贡,交强险,2026-12-31,27285,5331045.899999999,161377.5,0.030271264406108382,0.82,132329.55,5148781.609945205,5281111.159945206
自贡,商业保险,2026-01-31,2706,4037073.06,824429.43,0.20421464208031945,0.94,774963.6642,1717631.2235616439,2492594.8877616436
自贡,商业保险,2026-02-28,2706,4037073.06,824429.43,0.20421464208031945,0.94,774963.6642,1931268.3299452055,2706231.9941452052
自贡,商业保险,2026-03-31,2706,4037073.06,824429.43,0.20421464208031945,0.94,774963.6642,2150903.065287671,2925866.729487671
自贡,商业保险,2026-04-30,2706,4037073.06,824429.43,0.20421464208031945,0.94,774963.6642,2343467.8484657533,3118431.5126657533
自贡,商业保险,2026-05-31,2706,4037073.06,824429.43,0.20421464208031945,0.94,774963.6642,2515013.811726027,3289977.475926027
自贡,商业保险,2026-06-30,2706,4037073.06,824429.43,0.20421464208031945,0.94,774963.6642,2661984.072630137,3436947.7368301367
自贡,商业保险,2026-07-31,2706,4037073.06,824429.43,0.20421464208031945,0.94,774963.6642,2799126.874,3574090.5382
自贡,商业保险,2026-08-31,2706,4037073.06,824429.43,0.20421464208031945,0.94,774963.6642,2921498.8420273974,3696462.5062273974
自贡,商业保险,2026-09-30,2706,4037073.06,824429.43,0.20421464208031945,0.94,774963.6642,3025594.4467671234,3800558.1109671234
自贡,商业保险,2026-10-31,2706,4037073.06,824429.43,0.20421464208031945,0.94,774963.6642,3109281.661342466,3884245.325542466
自贡,商业保险,2026-11-30,2706,4037073.06,824429.43,0.20421464208031945,0.94,774963.6642,3163515.201369863,3938478.865569863
自贡,商业保险,2026-12-31,2706,4037073.06,824429.43,0.20421464208031945,0.94,774963.6642,3198173.304109589,3973136.968309589
资阳,交强险,2026-01-31,12627,4827598.45,313922.75,0.06502669044481112,0.82,257416.655,2470655.4724383564,2728072.127438356
资阳,交强险,2026-02-28,12627,4827598.45,313922.75,0.06502669044481112,0.82,257416.655,2761614.1559452056,3019030.8109452054
资阳,交强险,2026-03-31,12627,4827598.45,313922.75,0.06502669044481112,0.82,257416.655,3058604.455589041,3316021.110589041
资阳,交强险,2026-04-30,12627,4827598.45,313922.75,0.06502669044481112,0.82,257416.655,3319646.930767123,3577063.5857671234
资阳,交强险,2026-05-31,12627,4827598.45,313922.75,0.06502669044481112,0.82,257416.655,3562833.21769863,3820249.87269863
资阳,交强险,2026-06-30,12627,4827598.45,313922.75,0.06502669044481112,0.82,257416.655,3771610.6970136985,4029027.352013699
资阳,交强险,2026-07-31,12627,4827598.45,313922.75,0.06502669044481112,0.82,257416.655,3962547.706493151,4219964.361493151
资阳,交强险,2026-08-31,12627,4827598.45,313922.75,0.06502669044481112,0.82,257416.655,4132201.8630958903,4389618.51809589
资阳,交强险,2026-09-30,12627,4827598.45,313922.75,0.06502669044481112,0.82,257416.655,4268845.523506849,4526262.178506849
资阳,交强险,2026-10-31,12627,4827598.45,313922.75,0.06502669044481112,0.82,257416.655,4375714.250273973,4633130.905273973
资阳,交强险,2026-11-30,12627,4827598.45,313922.75,0.06502669044481112,0.82,257416.655,4450274.049150685,4707690.704150685
资阳,交强险,2026-12-31,12627,4827598.45,313922.75,0.06502669044481112,0.82,257416.655,4499071.895369863,4756488.550369863
资阳,商业保险,2026-01-31,3572,5868836.09,1398298.31,0.23825819780221535,0.94,1314400.4113999999,2220867.6989041097,3535268.1103041093
资阳,商业保险,2026-02-28,3572,5868836.09,1398298.31,0.23825819780221535,0.94,1314400.4113999999,2519337.861232877,3833738.2726328764
资阳,商业保险,2026-03-31,3572,5868836.09,1398298.31,0.23825819780221535,0.94,1314400.4113999999,2831012.402849315,4145412.814249315
资阳,商业保险,2026-04-30,3572,5868836.09,1398298.31,0.23825819780221535,0.94,1314400.4113999999,3110215.232712329,4424615.644112329
资阳,商业保险,2026-05-31,3572,5868836.09,1398298.31,0.23825819780221535,0.94,1314400.4113999999,3377349.1971232877,4691749.608523288
资阳,商业保险,2026-06-30,3572,5868836.09,1398298.31,0.23825819780221535,0.94,1314400.4113999999,3610708.7833150686,4925109.194715069
资阳,商业保险,2026-07-31,3572,5868836.09,1398298.31,0.23825819780221535,0.94,1314400.4113999999,3829876.770958904,5144277.182358904
资阳,商业保险,2026-08-31,3572,5868836.09,1398298.31,0.23825819780221535,0.94,1314400.4113999999,4029765.7654246576,5344166.176824657
资阳,商业保险,2026-09-30,3572,5868836.09,1398298.31,0.23825819780221535,0.94,1314400.4113999999,4191947.9697260275,5506348.381126028
资阳,商业保险,2026-10-31,3572,5868836.09,1398298.31,0.23825819780221535,0.94,1314400.4113999999,4313609.389397261,5628009.80079726
资阳,商业保险,2026-11-30,3572,5868836.09,1398298.31,0.23825819780221535,0.94,1314400.4113999999,4397279.831534247,5711680.242934247
资阳,商业保险,2026-12-31,3572,5868836.09,1398298.31,0.23825819780221535,0.94,1314400.4113999999,4455670.095643835,5770070.507043836
达州,交强险,2026-01-31,1568,1303395.65,85619.3,0.06568941671701913,0.82,70207.826,703731.2083287671,773939.0343287671
达州,交强险,2026-02-28,1568,1303395.65,85619.3,0.06568941671701913,0.82,70207.826,776634.1981369863,846842.0241369864
达州,交强险,2026-03-31,1568,1303395.65,85619.3,0.06568941671701913,0.82,70207.826,849182.9208493151,919390.7468493151
达州,交强险,2026-04-30,1568,1303395.65,85619.3,0.06568941671701913,0.82,70207.826,910935.1803013699,981143.0063013699
达州,交强险,2026-05-31,1568,1303395.65,85619.3,0.06568941671701913,0.82,70207.826,969510.0230684931,1039717.8490684931
达州,交强险,2026-06-30,1568,1303395.65,85619.3,0.06568941671701913,0.82,70207.826,1022539.5299178082,1092747.3559178081
达州,交强险,2026-07-31,1568,1303395.65,85619.3,0.06568941671701913,0.82,70207.826,1072301.5732054794,1142509.3992054795
达州,交强险,2026-08-31,1568,1303395.65,85619.3,0.06568941671701913,0.82,70207.826,1115794.6012054794,1186002.4272054795
达州,交强险,2026-09-30,1568,1303395.65,85619.3,0.06568941671701913,0.82,70207.826,1151522.642,1221730.468
达州,交强险,2026-10-31,1568,1303395.65,85619.3,0.06568941671701913,0.82,70207.826,1180553.9359726028,1250761.7619726027
达州,交强险,2026-11-30,1568,1303395.65,85619.3,0.06568941671701913,0.82,70207.826,1201321.4978082192,1271529.3238082193
达州,交强险,2026-12-31,1568,1303395.65,85619.3,0.06568941671701913,0.82,70207.826,1214024.0043835617,1284231.8303835616
达州,商业保险,2026-01-31,1378,3093293.97,464159.19,0.1500533717459773,0.94,436309.63859999995,1861979.9495068493,2298289.588106849
达州,商业保险,2026-02-28,1378,3093293.97,464159.19,0.1500533717459773,0.94,436309.63859999995,2008695.5874794521,2445005.2260794523
达州,商业保险,2026-03-31,1378,3093293.97,464159.19,0.1500533717459773,0.94,436309.63859999995,2133203.016712329,2569512.6553123286
达州,商业保险,2026-04-30,1378,3093293.97,464159.19,0.1500533717459773,0.94,436309.63859999995,2216725.341287671,2653034.9798876713
达州,商业保险,2026-05-31,1378,3093293.97,464159.19,0.1500533717459773,0.94,436309.63859999995,2295037.302410959,2731346.941010959
达州,商业保险,2026-06-30,1378,3093293.97,464159.19,0.1500533717459773,0.94,436309.63859999995,2366685.8946849317,2802995.5332849314
达州,商业保险,2026-07-31,1378,3093293.97,464159.19,0.1500533717459773,0.94,436309.63859999995,2433568.5820547948,2869878.2206547945
达州,商业保险,2026-08-31,1378,3093293.97,464159.19,0.1500533717459773,0.94,436309.63859999995,2491638.0556438356,2927947.6942438358
达州,商业保险,2026-09-30,1378,3093293.97,464159.19,0.1500533717459773,0.94,436309.63859999995,2540038.8799726027,2976348.518572603
达州,商业保险,2026-10-31,1378,3093293.97,464159.19,0.1500533717459773,0.94,436309.63859999995,2580458.3367123287,3016767.975312329
达州,商业保险,2026-11-30,1378,3093293.97,464159.19,0.1500533717459773,0.94,436309.63859999995,2607691.31660274,3044000.9552027397
达州,商业保险,2026-12-31,1378,3093293.97,464159.19,0.1500533717459773,0.94,436309.63859999995,2624237.861479452,3060547.500079452
青羊,交强险,2026-01-31,28820,23166247.77,2051988.21,0.08857663227867653,0.82,1682630.3321999998,11934609.333726028,13617239.665926028
青羊,交强险,2026-02-28,28820,23166247.77,2051988.21,0.08857663227867653,0.82,1682630.3321999998,13309974.973178083,14992605.305378083
青羊,交强险,2026-03-31,28820,23166247.77,2051988.21,0.08857663227867653,0.82,1682630.3321999998,14698500.778246576,16381131.110446576
青羊,交强险,2026-04-30,28820,23166247.77,2051988.21,0.08857663227867653,0.82,1682630.3321999998,15894016.373068493,17576646.705268495
青羊,交强险,2026-05-31,28820,23166247.77,2051988.21,0.08857663227867653,0.82,1682630.3321999998,16965105.346027397,18647735.6782274
青羊,交强险,2026-06-30,28820,23166247.77,2051988.21,0.08857663227867653,0.82,1682630.3321999998,17874735.405534245,19557365.737734247
青羊,交强险,2026-07-31,28820,23166247.77,2051988.21,0.08857663227867653,0.82,1682630.3321999998,18696734.95958904,20379365.29178904
青羊,交强险,2026-08-31,28820,23166247.77,2051988.21,0.08857663227867653,0.82,1682630.3321999998,19412175.117753424,21094805.449953426
青羊,交强险,2026-09-30,28820,23166247.77,2051988.21,0.08857663227867653,0.82,1682630.3321999998,19995718.828657534,21678349.160857536
青羊,交强险,2026-10-31,28820,23166247.77,2051988.21,0.08857663227867653,0.82,1682630.3321999998,20472657.6649863,22155287.997186303
青羊,交强险,2026-11-30,28820,23166247.77,2051988.21,0.08857663227867653,0.82,1682630.3321999998,20815666.440136988,22498296.772336986
青羊,交强险,2026-12-31,28820,23166247.77,2051988.21,0.08857663227867653,0.82,1682630.3321999998,21036123.705123287,22718754.03732329
青羊,商业保险,2026-01-31,18603,25492402.22,4538471.65,0.17803232550753315,0.94,4266163.351,11576807.63260274,15842970.98360274
青羊,商业保险,2026-02-28,18603,25492402.22,4538471.65,0.17803232550753315,0.94,4266163.351,12967324.857972603,17233488.208972603
青羊,商业保险,2026-03-31,18603,25492402.22,4538471.65,0.17803232550753315,0.94,4266163.351,14401857.219671233,18668020.570671234
青羊,商业保险,2026-04-30,18603,25492402.22,4538471.65,0.17803232550753315,0.94,4266163.351,15670902.719506849,19937066.07050685
青羊,商业保险,2026-05-31,18603,25492402.22,4538471.65,0.17803232550753315,0.94,4266163.351,16777570.080246575,21043733.431246575
青羊,商业保险,2026-06-30,18603,25492402.22,4538471.65,0.17803232550753315,0.94,4266163.351,17712174.019972604,21978337.370972604
青羊,商业保险,2026-07-31,18603,25492402.22,4538471.65,0.17803232550753315,0.94,4266163.351,18562534.33761644,22828697.68861644
青羊,商业保险,2026-08-31,18603,25492402.22,4538471.65,0.17803232550753315,0.94,4266163.351,19305401.737753425,23571565.088753425
青羊,商业保险,2026-09-30,18603,25492402.22,4538471.65,0.17803232550753315,0.94,4266163.351,19905840.804520547,24172004.155520547
青羊,商业保险,2026-10-31,18603,25492402.22,4538471.65,0.17803232550753315,0.94,4266163.351,20382363.156219177,24648526.507219177
青羊,商业保险,2026-11-30,18603,25492402.22,4538471.65,0.17803232550753315,0.94,4266163.351,20698703.271534245,24964866.622534245
青羊,商业保险,2026-12-31,18603,25492402.22,4538471.65,0.17803232550753315,0.94,4266163.351,20887641.799534246,25153805.150534246
高新,交强险,2026-01-31,46509,38704049.42,4522834.41,0.11685687874465307,0.82,3708724.2161999997,21880515.24290411,25589239.45910411
高新,交强险,2026-02-28,46509,38704049.42,4522834.41,0.11685687874465307,0.82,3708724.2161999997,23950767.54531507,27659491.76151507
高新,交强险,2026-03-31,46509,38704049.42,4522834.41,0.11685687874465307,0.82,3708724.2161999997,25974626.940465756,29683351.156665754
高新,交强险,2026-04-30,46509,38704049.42,4522834.41,0.11685687874465307,0.82,3708724.2161999997,27664795.614876714,31373519.83107671
高新,交强险,2026-05-31,46509,38704049.42,4522834.41,0.11685687874465307,0.82,3708724.2161999997,29144358.817972604,32853083.034172602
高新,交强险,2026-06-30,46509,38704049.42,4522834.41,0.11685687874465307,0.82,3708724.2161999997,30361353.249369863,34070077.46556986
高新,交强险,2026-07-31,46509,38704049.42,4522834.41,0.11685687874465307,0.82,3708724.2161999997,31394066.85279452,35102791.06899452
高新,交强险,2026-08-31,46509,38704049.42,4522834.41,0.11685687874465307,0.82,3708724.2161999997,32229219.888246577,35937944.104446575
高新,交强险,2026-09-30,46509,38704049.42,4522834.41,0.11685687874465307,0.82,3708724.2161999997,32901808.85539726,36610533.07159726
高新,交强险,2026-10-31,46509,38704049.42,4522834.41,0.11685687874465307,0.82,3708724.2161999997,33456499.516575344,37165223.732775345
高新,交强险,2026-11-30,46509,38704049.42,4522834.41,0.11685687874465307,0.82,3708724.2161999997,33847318.177945204,37556042.394145206
高新,交强险,2026-12-31,46509,38704049.42,4522834.41,0.11685687874465307,0.82,3708724.2161999997,34109299.65372603,37818023.86992603
高新,商业保险,2026-01-31,19401,32204453.53,8105106.91,0.25167658573835766,0.94,7618800.495399999,13169779.524739726,20788580.020139724
高新,商业保险,2026-02-28,19401,32204453.53,8105106.91,0.25167658573835766,0.94,7618800.495399999,14718229.178493151,22337029.67389315
高新,商业保险,2026-03-31,19401,32204453.53,8105106.91,0.25167658573835766,0.94,7618800.495399999,16305460.24079452,23924260.73619452
高新,商业保险,2026-04-30,19401,32204453.53,8105106.91,0.25167658573835766,0.94,7618800.495399999,17704579.83569863,25323380.33109863
高新,商业保险,2026-05-31,19401,32204453.53,8105106.91,0.25167658573835766,0.94,7618800.495399999,19004362.028602738,26623162.52400274
高新,商业保险,2026-06-30,19401,32204453.53,8105106.91,0.25167658573835766,0.94,7618800.495399999,20131316.699068494,27750117.194468495
高新,商业保险,2026-07-31,19401,32204453.53,8105106.91,0.25167658573835766,0.94,7618800.495399999,21162652.225123286,28781452.720523287
高新,商业保险,2026-08-31,19401,32204453.53,8105106.91,0.25167658573835766,0.94,7618800.495399999,22062167.41769863,29680967.91309863
高新,商业保险,2026-09-30,19401,32204453.53,8105106.91,0.25167658573835766,0.94,7618800.495399999,22798131.58131507,30416932.076715067
高新,商业保险,2026-10-31,19401,32204453.53,8105106.91,0.25167658573835766,0.94,7618800.495399999,23403474.307150684,31022274.802550685
高新,商业保险,2026-11-30,19401,32204453.53,8105106.91,0.25167658573835766,0.94,7618800.495399999,23791993.81717808,31410794.312578082
高新,商业保险,2026-12-31,19401,32204453.53,8105106.91,0.25167658573835766,0.94,7618800.495399999,24030623.114767123,31649423.610167123
